fold,test_accuracy
1,0.9773964285850525
2,0.9794893264770508
3,0.9832565784454346
4,0.9836751818656921
5,0.9870238304138184
mean,0.9821682691574096
std,0.003375762860870537
