fold,test_accuracy
1,0.9736291170120239
2,0.9794893264770508
3,0.9765592217445374
4,0.9849309325218201
5,0.9828380346298218
mean,0.9794893264770508
std,0.004092737259008755
