model,cv_accuracy
Random Forest,0.9854332356634575
XGBoost,0.9910422771033905
SVM,0.9282544997907074
KNN,0.9497697781498535
