fold,test_accuracy
1,1.0
2,0.9990817308425903
3,1.0
4,1.0
5,1.0
mean,0.9998163461685181
std,0.0003673076629638672
