location,fault_size,rms_energy_mean,rms_energy_std,snr_at_bsf_mean,snr_at_bsf_std,peak_prom_mean,peak_prom_std
DE,0.007,0.14461441458272198,0.009086789487886845,0.09601651939210701,0.05336525701203138,0.8923357711899099,0.29151001216060735
DE,0.014,0.1366619476039885,0.041610022261236196,0.07895067268048193,0.05956535587371769,0.8798613101800226,0.30257053567117004
DE,0.021,0.11970798868388761,0.02807700878236797,0.06739377774091143,0.042904811211451704,1.0037103381932577,0.3404266789961167
FE,0.007,0.11923524297566752,0.034823307818930484,915.946272937168,19857.731183048243,1.4098720974426102,0.463189156904488
FE,0.014,0.21706614551407344,0.08400538312567941,0.06162288193919154,0.06620498830317391,1.380385178920457,0.4568964129766609
FE,0.021,0.15537955864028372,0.05173842976060733,0.19619851184600842,0.12583197441797864,1.2420414317784836,0.49563594325744675
